{
  "project_info": {
    "project_number": "970522500581",
    "firebase_url": "https://test-f3207-default-rtdb.europe-west1.firebasedatabase.app",
    "project_id": "test-f3207",
    "storage_bucket": "test-f3207.appspot.com"
  },
  "client": [
    {
      "client_info": {
        "mobilesdk_app_id": "1:970522500581:android:a8d2475aba97ba7f74e30c",
        "android_client_info": {
          "package_name": "com.example.firebase_test"
        }
      },
      "oauth_client": [
        {
          "client_id": "970522500581-mbavmdgvi1blq3bh2s7ovq1ishlfahss.apps.googleusercontent.com",
          "client_type": 3
        }
      ],
      "api_key": [
        {
          "current_key": "AIzaSyA206jrOIqP18BDzzzRzC0-QckXu8PHM0M"
        }
      ],
      "services": {
        "appinvite_service": {
          "other_platform_oauth_client": [
            {
              "client_id": "970522500581-mbavmdgvi1blq3bh2s7ovq1ishlfahss.apps.googleusercontent.com",
              "client_type": 3
            }
          ]
        }
      }
    },
    {
      "client_info": {
        "mobilesdk_app_id": "1:970522500581:android:017309564df1a8f774e30c",
        "android_client_info": {
          "package_name": "com.example.tribu_inital"
        }
      },
      "oauth_client": [
        {
          "client_id": "970522500581-mbavmdgvi1blq3bh2s7ovq1ishlfahss.apps.googleusercontent.com",
          "client_type": 3
        }
      ],
      "api_key": [
        {
          "current_key": "AIzaSyA206jrOIqP18BDzzzRzC0-QckXu8PHM0M"
        }
      ],
      "services": {
        "appinvite_service": {
          "other_platform_oauth_client": [
            {
              "client_id": "970522500581-mbavmdgvi1blq3bh2s7ovq1ishlfahss.apps.googleusercontent.com",
              "client_type": 3
            }
          ]
        }
      }
    }
  ],
  "configuration_version": "1"
}